{"v":"4.8.0","meta":{"g":"LottieFiles AE 3.6.0","a":"","k":"","d":"","tc":""},"fr":60,"ip":181,"op":391,"w":700,"h":700,"nm":"Goodwin Loader 5","ddd":0,"assets":[{"id":"comp_0","layers":[{"ddd":0,"ind":1,"ty":0,"nm":"Goodwin Loader 4","refId":"comp_1","sr":1,"ks":{"o":{"a":0,"k":100,"ix":11},"r":{"a":0,"k":0,"ix":10},"p":{"a":0,"k":[540,250,0],"ix":2},"a":{"a":0,"k":[540,250,0],"ix":1},"s":{"a":0,"k":[100,-100,100],"ix":6}},"ao":0,"w":1080,"h":500,"ip":245,"op":490,"st":245,"bm":0},{"ddd":0,"ind":2,"ty":0,"nm":"Goodwin Loader 4","refId":"comp_1","sr":1,"ks":{"o":{"a":0,"k":100,"ix":11},"r":{"a":0,"k":0,"ix":10},"p":{"a":0,"k":[540,250,0],"ix":2},"a":{"a":0,"k":[540,250,0],"ix":1},"s":{"a":0,"k":[100,100,100],"ix":6}},"ao":0,"w":1080,"h":500,"ip":0,"op":245,"st":0,"bm":0}]},{"id":"comp_1","layers":[{"ddd":0,"ind":1,"ty":0,"nm":"Main Star","refId":"comp_2","sr":1,"ks":{"o":{"a":0,"k":100,"ix":11},"r":{"a":0,"k":0,"ix":10},"p":{"a":0,"k":[540,250,0],"ix":2},"a":{"a":0,"k":[150,150,0],"ix":1},"s":{"a":0,"k":[100,100,100],"ix":6}},"ao":0,"w":300,"h":300,"ip":0,"op":245,"st":-9,"bm":0},{"ddd":0,"ind":2,"ty":0,"nm":"Main Star","parent":12,"refId":"comp_2","sr":1,"ks":{"o":{"a":0,"k":100,"ix":11},"r":{"a":0,"k":0,"ix":10},"p":{"s":true,"x":{"a":1,"k":[{"i":{"x":[0.453],"y":[1]},"o":{"x":[0.314],"y":[0]},"t":0,"s":[8]},{"i":{"x":[0.583],"y":[1]},"o":{"x":[0.167],"y":[0]},"t":50,"s":[-192]},{"i":{"x":[0.749],"y":[1]},"o":{"x":[0.477],"y":[0]},"t":194,"s":[-192]},{"t":214,"s":[8]}],"ix":3},"y":{"a":0,"k":-10,"ix":4}},"a":{"a":0,"k":[150,150,0],"ix":1},"s":{"a":0,"k":[100,100,100],"ix":6}},"ao":0,"w":300,"h":300,"ip":0,"op":245,"st":0,"bm":0},{"ddd":0,"ind":3,"ty":0,"nm":"Main Star","parent":11,"refId":"comp_2","sr":1,"ks":{"o":{"a":0,"k":100,"ix":11},"r":{"a":0,"k":0,"ix":10},"p":{"s":true,"x":{"a":1,"k":[{"i":{"x":[0.453],"y":[1]},"o":{"x":[0.314],"y":[0]},"t":0,"s":[8]},{"i":{"x":[0.583],"y":[1]},"o":{"x":[0.167],"y":[0]},"t":50,"s":[208]},{"i":{"x":[0.749],"y":[1]},"o":{"x":[0.477],"y":[0]},"t":194,"s":[208]},{"t":214,"s":[8]}],"ix":3},"y":{"a":0,"k":-10,"ix":4}},"a":{"a":0,"k":[150,150,0],"ix":1},"s":{"a":0,"k":[100,100,100],"ix":6}},"ao":0,"w":300,"h":300,"ip":0,"op":245,"st":0,"bm":0},{"ddd":0,"ind":11,"ty":3,"nm":"Rotate 2","sr":1,"ks":{"o":{"a":0,"k":100,"ix":11},"r":{"a":1,"k":[{"i":{"x":[0],"y":[1]},"o":{"x":[0.493],"y":[0]},"t":31,"s":[0]},{"t":191,"s":[-180],"h":1}],"ix":10},"p":{"a":0,"k":[540,250,0],"ix":2},"a":{"a":0,"k":[8,-10,0],"ix":1},"s":{"a":1,"k":[{"i":{"x":[0.221,0.221,0.667],"y":[1,1,1]},"o":{"x":[1,1,0.333],"y":[0,0,0]},"t":31,"s":[100,100,100]},{"i":{"x":[0.385,0.385,0.667],"y":[1,1,1]},"o":{"x":[0.504,0.504,0.333],"y":[0,0,0]},"t":108.104,"s":[63,63,100]},{"t":203,"s":[100,100,100],"h":1}],"ix":6}},"ao":0,"ip":0,"op":245,"st":0,"bm":0},{"ddd":0,"ind":12,"ty":3,"nm":"Rotate","sr":1,"ks":{"o":{"a":0,"k":100,"ix":11},"r":{"a":1,"k":[{"i":{"x":[0],"y":[1]},"o":{"x":[0.493],"y":[0]},"t":31,"s":[0]},{"t":190.998046875,"s":[180],"h":1}],"ix":10},"p":{"a":0,"k":[540,250,0],"ix":2},"a":{"a":0,"k":[8,-10,0],"ix":1},"s":{"a":1,"k":[{"i":{"x":[0.221,0.221,0.667],"y":[1,1,1]},"o":{"x":[1,1,0.333],"y":[0,0,0]},"t":31,"s":[100,100,100]},{"i":{"x":[0.385,0.385,0.667],"y":[1,1,1]},"o":{"x":[0.504,0.504,0.333],"y":[0,0,0]},"t":108.104,"s":[63,63,100]},{"t":203,"s":[100,100,100],"h":1}],"ix":6}},"ao":0,"ip":0,"op":245,"st":0,"bm":0}]},{"id":"comp_2","layers":[{"ddd":0,"ind":2,"ty":4,"nm":"Main Star","sr":1,"ks":{"o":{"a":0,"k":100,"ix":11},"r":{"a":1,"k":[{"i":{"x":[0.447],"y":[1]},"o":{"x":[0.571],"y":[0]},"t":15,"s":[-180]},{"i":{"x":[0.456],"y":[1]},"o":{"x":[0.53],"y":[0]},"t":107.469,"s":[0]},{"t":219,"s":[180]}],"ix":10},"p":{"s":true,"x":{"a":0,"k":150.283,"ix":3},"y":{"a":0,"k":150,"ix":4}},"a":{"a":0,"k":[162.667,191.667,0],"ix":1},"s":{"a":1,"k":[{"i":{"x":[0.22,0.22,0.667],"y":[1,1,1]},"o":{"x":[0.659,0.659,0.333],"y":[0,0,0]},"t":10,"s":[100,100,100]},{"i":{"x":[0.333,0.333,0.667],"y":[1,1,1]},"o":{"x":[0.577,0.577,0.333],"y":[0,0,0]},"t":53,"s":[80,80,100]},{"i":{"x":[0.342,0.342,0.667],"y":[1,1,1]},"o":{"x":[0.571,0.571,0.333],"y":[0,0,0]},"t":108,"s":[130,130,100]},{"i":{"x":[0.358,0.358,0.667],"y":[1,1,1]},"o":{"x":[0.559,0.559,0.333],"y":[0,0,0]},"t":164.531,"s":[80,80,100]},{"t":225,"s":[100,100,100]}],"ix":6}},"ao":0,"shapes":[{"ty":"gr","it":[{"ind":0,"ty":"sh","ix":1,"ks":{"a":0,"k":{"i":[[-12.343,29.44],[-29.44,-12.343],[12.343,-29.44],[29.44,12.343]],"o":[[12.343,29.363],[-29.363,12.343],[-12.343,-29.363],[29.363,-12.343]],"v":[[0,-97.167],[65.167,-32],[0,33.167],[-65.167,-32]],"c":true},"ix":2},"nm":"Path 1","mn":"ADBE Vector Shape - Group","hd":false},{"ty":"fl","c":{"a":1,"k":[{"i":{"x":[0.833],"y":[0.833]},"o":{"x":[0.167],"y":[0.167]},"t":5,"s":[0.1848,0.3687,0.4752,1]},{"i":{"x":[0.833],"y":[0.833]},"o":{"x":[0.167],"y":[0.167]},"t":108,"s":[0,0.5725,0.8941,1]},{"t":228,"s":[0.1848,0.3687,0.4752,1]}],"ix":4},"o":{"a":0,"k":100,"ix":5},"r":1,"bm":0,"nm":"Fill 1","mn":"ADBE Vector Graphic - Fill","hd":false},{"ty":"tr","p":{"a":0,"k":[162.667,223.667],"ix":2},"a":{"a":0,"k":[0,0],"ix":1},"s":{"a":0,"k":[100,100],"ix":3},"r":{"a":0,"k":0,"ix":6},"o":{"a":0,"k":100,"ix":7},"sk":{"a":0,"k":0,"ix":4},"sa":{"a":0,"k":0,"ix":5},"nm":"Transform"}],"nm":"Group 1","np":2,"cix":2,"bm":0,"ix":1,"mn":"ADBE Vector Group","hd":false}],"ip":0,"op":920,"st":0,"bm":0}]}],"layers":[{"ddd":0,"ind":1,"ty":0,"nm":"Sub star loaders","refId":"comp_0","sr":1,"ks":{"o":{"a":0,"k":100,"ix":11},"r":{"a":1,"k":[{"i":{"x":[0],"y":[1]},"o":{"x":[0.559],"y":[0]},"t":0,"s":[-180]},{"i":{"x":[0.028],"y":[1]},"o":{"x":[0.333],"y":[0]},"t":78,"s":[0]},{"i":{"x":[0],"y":[1]},"o":{"x":[0.559],"y":[0]},"t":227,"s":[0]},{"i":{"x":[0.362],"y":[1]},"o":{"x":[0.167],"y":[0]},"t":305,"s":[-180]},{"i":{"x":[0.205],"y":[1]},"o":{"x":[0.344],"y":[0]},"t":330,"s":[-180]},{"t":390,"s":[-270]}],"ix":10},"p":{"a":0,"k":[350,350,0],"ix":2},"a":{"a":0,"k":[540,250,0],"ix":1},"s":{"a":1,"k":[{"i":{"x":[0,0,0.667],"y":[1,1,1]},"o":{"x":[0.338,0.338,0.333],"y":[0,0,0]},"t":181,"s":[250,250,100]},{"i":{"x":[0.564,0.564,0.667],"y":[1,1,1]},"o":{"x":[0.333,0.333,0.333],"y":[0,0,0]},"t":221,"s":[100,100,100]},{"i":{"x":[0,0,0.667],"y":[1,1,1]},"o":{"x":[0.431,0.431,0.333],"y":[0,0,0]},"t":340,"s":[100,100,100]},{"t":380,"s":[250,250,100]}],"ix":6}},"ao":0,"tm":{"a":1,"k":[{"i":{"x":[0.833],"y":[0.833]},"o":{"x":[0.167],"y":[0.167]},"t":0,"s":[0]},{"i":{"x":[0.833],"y":[0.833]},"o":{"x":[0.167],"y":[0.167]},"t":370,"s":[8.133]},{"i":{"x":[0.833],"y":[0.833]},"o":{"x":[0.167],"y":[0.167]},"t":1070,"s":[8.133]},{"t":1840,"s":[30.667]}],"ix":2},"w":1080,"h":500,"ip":0,"op":1840,"st":0,"bm":0}],"markers":[]}